SampleID	Timepoint	Subject_Num	DateReceived	IRBapproved	Barcodes	Age	Sex	Ethnicity	Retreat_Location	Retreat_Region	Retreat_Country	Consumed_Aya	Consumed_aya_timepoint	Edulevel	Edulevel_dich	Income_parents	Income_parents_dich	Income	Income_dich	Expectancy_spiritual	Expectancy_connected	Expectancy_A	Expectancy_N	Expectancy_O	Expectancy_C	Expectancy_E	Expectancy_anxiety	Expectancy_dep	Expectancy_conflict	Expectancy_PTSD	LEC_disaster	LEC_accident	LEC_physassault	LEC_combatassault	LEC_sexassault	LEC_sexexp	LEC_illinj	LEC_loss	LEC_perp	LEC_stress	Depressive	PTSD	SUD	PCL5_sum_1_2	PCL5_sum_dich_1_2	PCL5_sum_fivecat_1_2	Neuroticism	N_dich	N_tertile	Extraversion	E_dich	E_tertile	Openness	O_dich	O_tertile	Agreeableness	A_dich	A_tertile	Conscientiousness	C_dich	C_tertile	WHOQOL_PhysHealth_Raw	WHOQOL_PhysHealth	WHOQOL_PhysHealth_Dich	WHOQOL_PhysHealth_Tertile	WHOQOL_PsychHealth_Raw	WHOQOL_PsychHealth	WHOQOL_PsychHealth_Dich	WHOQOL_PsychHealth_Tertile	WHOQOL_Social_Raw	WHOQOL_Social	WHOQOL_Social_Dich	WHOQOL_Social_Tertile	WHOQOL_Env_Raw	WHOQOL_Env	WHOQOL_Env_Dich	WHOQOL_Env_Tertile
#q2:types	categorical	categorical	categorical	categorical	categorical	numeric	categorical	categorical	categorical	categorical	categorical	categorical	categorical	categorical	categorical	categorical	categorical	categorical	categorical	categorical	categorical	categorical	categorical	categorical	categorical	categorical	categorical	categorical	categorical	categorical	categorical	categorical	categorical	categorical	categorical	categorical	categorical	categorical	categorical	categorical	categorical	categorical	categorical	numeric	categorical	categorical	numeric	categorical	categorical	numeric	categorical	categorical	numeric	categorical	categorical	numeric	categorical	categorical	numeric	categorical	categorical	numeric	numeric	categorical	categorical	numeric	numeric	categorical	categorical	numeric	numeric	categorical	categorical	numeric	numeric	categorical	categorical
13-T1	1	13	21-Jul	yes	CGTCCGTATGAA	39	Male	Caucasian, not Hispanic	Soltara Healing Center	Gulf of Nicoya	Costa Rica	yes	no	3	Lower	8	High	14	High	Denied	Endosed	Endosed	Endosed	Denied	Endosed	Denied	Denied	Denied	Endosed	Denied	Denied	Denied	Endorsed	Denied	Denied	Denied	Denied	Endorsed	Denied	Denied	Denied	Denied	Denied	24	Low	Moderate	2.166666667	Low	Medium	3.791666667	High	Medium	3.75	High	Medium	3.375	Low	Low	3.666666667	Low	Medium	32	88	High	Medium	27	88	High	High	13	81	High	Medium	36	88	High	High
13-T2	2	13	21-Jul	yes	CGTTTGGAATGA	39	Male	Caucasian, not Hispanic	Soltara Healing Center	Gulf of Nicoya	Costa Rica	yes	yes	3	Lower	8	High	14	High	Denied	Endosed	Endosed	Endosed	Denied	Endosed	Denied	Denied	Denied	Endosed	Denied	Denied	Denied	Endorsed	Denied	Denied	Denied	Denied	Endorsed	Denied	Denied	Denied	Denied	Denied	21	Low	Moderate	1.291666667	Low	Low	4.041666667	High	High	4	High	High	3.333333333	Low	Low	4.75	High	High	33	94	High	High	29	94	High	High	13	81	High	Medium	37	94	High	High
14-T1	1	14	21-Jul	yes	ACGCTTAACGAC	36	Male	Caucasian, not Hispanic	Soltara Healing Center	Gulf of Nicoya	Costa Rica	yes	no	2	Lower	6	High	8	High	Endosed	Endosed	Endosed	Endosed	Endosed	Endosed	Endosed	Endosed	Denied	Endosed	Endosed	Endorsed	Endorsed	Denied	Endorsed	Denied	Denied	Endorsed	Endorsed	Denied	Endorsed	Denied	Endorsed	Denied	45	High	Severe	2.458333333	High	Medium	3.458333333	High	Medium	3.583333333	High	Medium	3.458333333	Low	Low	3.125	Low	Low	23	56	Low	Medium	22	69	Low	Medium	11	69	Low	Medium	28	63	Low	Medium
14-T2	2	14	21-Jul	yes	TCTCTTTCGACA	36	Male	Caucasian, not Hispanic	Soltara Healing Center	Gulf of Nicoya	Costa Rica	yes	yes	2	Lower	6	High	8	High	Endosed	Endosed	Endosed	Endosed	Endosed	Endosed	Endosed	Endosed	Denied	Endosed	Endosed	Endorsed	Endorsed	Denied	Endorsed	Denied	Denied	Endorsed	Endorsed	Denied	Endorsed	Denied	Endorsed	Denied	31	High	Moderate	1.958333333	Low	Medium	3.833333333	High	Medium	3.875	High	High	3.708333333	Low	Medium	3.916666667	Low	Medium	NA	NA	NA	NA	NA	NA	NA	NA	NA	NA	NA	NA	NA	NA	NA	NA
15-T1	1	15	21-Jul	yes	GCGATCACACCT	52	Male	Caucasian, not Hispanic	Soltara Healing Center	Gulf of Nicoya	Costa Rica	yes	no	3	Lower	8	High	4	Low	Denied	Endosed	Denied	Denied	Endosed	Denied	Denied	Endosed	Endosed	Endosed	Endosed	Endorsed	Endorsed	Endorsed	Endorsed	Denied	Denied	Denied	Endorsed	Denied	Endorsed	Endorsed	Endorsed	Endorsed	41	High	Severe	2.75	High	Medium	2.541666667	Low	Low	3.208333333	Low	Medium	3.416666667	Low	Low	3.333333333	Low	Low	17	38	Low	Low	18	50	Low	Low	12	75	High	Medium	21	44	Low	Low
15-T2	2	15	21-Jul	yes	TGCACAGTCGCT	52	Male	Caucasian, not Hispanic	Soltara Healing Center	Gulf of Nicoya	Costa Rica	yes	yes	3	Lower	8	High	4	Low	Denied	Endosed	Denied	Denied	Endosed	Denied	Denied	Endosed	Endosed	Endosed	Endosed	Endorsed	Endorsed	Endorsed	Endorsed	Denied	Denied	Denied	Endorsed	Denied	Endorsed	Endorsed	Endorsed	Endorsed	26	Low	Moderate	2.125	Low	Medium	2.958333333	Low	Medium	3.708333333	High	Medium	4.041666667	High	Medium	3.916666667	Low	Medium	21	50	Low	Low	20	56	High	Low	11	69	Low	Medium	27	63	Low	Medium
16-T1	1	16	21-Jul	yes	ACTACTGAGGAT	36	Male	Caucasian, not Hispanic	Soltara Healing Center	Gulf of Nicoya	Costa Rica	yes	no	2	Lower	NA	NA	12	High	Endosed	Endosed	Denied	Endosed	Denied	Denied	Denied	Endosed	Endosed	Endosed	Endosed	Endorsed	Endorsed	Endorsed	Endorsed	Endorsed	Endorsed	Denied	Endorsed	Endorsed	Endorsed	Denied	Endorsed	Denied	66	High	Very Severe	3.291666667	High	High	3.416666667	High	Medium	3.375	High	Medium	3.166666667	Low	Low	3.291666667	Low	Low	14	25	Low	Low	21	63	Low	Medium	12	75	High	Medium	29	69	Low	Medium
16-T2	2	16	21-Jul	yes	ACGTGAGGAACG	36	Male	Caucasian, not Hispanic	Soltara Healing Center	Gulf of Nicoya	Costa Rica	yes	yes	2	Lower	NA	NA	12	High	Endosed	Endosed	Denied	Endosed	Denied	Denied	Denied	Endosed	Endosed	Endosed	Endosed	Endorsed	Endorsed	Endorsed	Endorsed	Endorsed	Endorsed	Denied	Endorsed	Endorsed	Endorsed	Denied	Endorsed	Denied	36	High	Moderate	2.666666667	High	Medium	2.875	Low	Low	3.375	High	Medium	3.625	Low	Medium	3.875	Low	Medium	19	44	Low	Low	22	69	Low	Medium	12	75	High	Medium	31	75	Low	Medium
17-T1	1	17	21-Jul	yes	AAGAACTCATGA	34	Male	Caucasian, not Hispanic	Soltara Healing Center	Gulf of Nicoya	Costa Rica	yes	no	2	Lower	12	High	14	High	Endosed	Endosed	Endosed	Endosed	Endosed	Denied	Endosed	Endosed	Endosed	Endosed	Endosed	Endorsed	Endorsed	Endorsed	Endorsed	Denied	Denied	Denied	Endorsed	Endorsed	Endorsed	Endorsed	Endorsed	Endorsed	78	High	Very Severe	2.958333333	High	High	3.416666667	High	Medium	3.291666667	High	Medium	3.25	Low	Low	3.375	Low	Low	21	50	Low	Low	14	31	Low	Low	7	31	Low	Low	29	69	Low	Medium
17-T2	2	17	21-Jul	yes	TACGGATTATGG	34	Male	Caucasian, not Hispanic	Soltara Healing Center	Gulf of Nicoya	Costa Rica	yes	yes	2	Lower	12	High	14	High	Endosed	Endosed	Endosed	Endosed	Endosed	Denied	Endosed	Endosed	Endosed	Endosed	Endosed	Endorsed	Endorsed	Endorsed	Endorsed	Denied	Denied	Denied	Endorsed	Endorsed	Endorsed	Endorsed	Endorsed	Endorsed	NA	NA	NA	NA	NA	NA	NA	NA	NA	NA	NA	NA	NA	NA	NA	NA	NA	NA	25	63	Low	Medium	19	56	Low	Low	12	75	High	Medium	29	69	Low	Medium
18-T1	1	18	21-Jul	yes	ACATACTGAGCA	37	Male	Caucasian, not Hispanic	Soltara Healing Center	Gulf of Nicoya	Costa Rica	yes	no	4	Lower	12	High	11	High	Endosed	Endosed	Endosed	Denied	Endosed	Endosed	Endosed	Endosed	Endosed	Endosed	Endosed	Denied	Endorsed	Endorsed	Endorsed	Denied	Denied	Denied	Endorsed	Denied	Endorsed	Denied	Endorsed	Denied	44	High	Severe	2.416666667	High	Medium	4.166666667	High	High	3.5	High	Medium	3.375	Low	Low	3.583333333	Low	Medium	26	69	Low	Medium	28	94	High	High	15	100	High	High	34	81	High	Medium
18-T2	2	18	21-Jul	yes	TTACTGTGGCCG	37	Male	Caucasian, not Hispanic	Soltara Healing Center	Gulf of Nicoya	Costa Rica	yes	yes	4	Lower	12	High	11	High	Endosed	Endosed	Endosed	Denied	Endosed	Endosed	Endosed	Endosed	Endosed	Endosed	Endosed	Denied	Endorsed	Endorsed	Endorsed	Denied	Denied	Denied	Endorsed	Denied	Endorsed	Denied	Endorsed	Denied	24	Low	Moderate	2.041666667	Low	Medium	4.833333333	High	High	3.958333333	High	High	3.333333333	Low	Low	3.958333333	Low	Medium	29	81	High	Medium	28	94	High	High	13	81	High	Medium	39	100	High	High
19-T1	1	19	21-Jul	yes	TACCGAAGGTAT	37	Male	Caucasian, not Hispanic	Soltara Healing Center	Gulf of Nicoya	Costa Rica	yes	no	4	Lower	12	High	14	High	Denied	Denied	Endosed	Denied	Denied	Denied	Denied	Endosed	Endosed	Endosed	Endosed	Endorsed	Denied	Endorsed	Endorsed	Denied	Denied	Endorsed	Endorsed	Endorsed	Endorsed	Denied	Endorsed	Denied	49	High	Severe	2.75	High	Medium	4.25	High	High	3.625	High	Medium	3.208333333	Low	Low	3.583333333	Low	Medium	33	94	High	High	25	81	High	Medium	11	69	Low	Medium	36	88	high	High
19-T2	2	19	21-Jul	yes	AATTCACCTCCT	37	Male	Caucasian, not Hispanic	Soltara Healing Center	Gulf of Nicoya	Costa Rica	yes	yes	4	Lower	12	High	14	High	Denied	Denied	Endosed	Denied	Denied	Denied	Denied	Endosed	Endosed	Endosed	Endosed	Endorsed	Denied	Endorsed	Endorsed	Denied	Denied	Endorsed	Endorsed	Endorsed	Endorsed	Denied	Endorsed	Denied	45	High	Severe	2.375	High	Medium	4.458333333	High	High	4.25	High	High	3.625	Low	Medium	4.583333333	High	High	32	88	High	Medium	23	69	Low	Medium	11	69	Low	Medium	33	81	High	Medium
21-T1	1	21	21-Jul	yes	GGTTGCCCTGTA	43	Male	Caucasian, not Hispanic	Soltara Healing Center	Gulf of Nicoya	Costa Rica	yes	no	5	Higher	14	High	14	High	Endosed	Denied	Denied	Denied	Endosed	Denied	Endosed	Endosed	Denied	Endosed	Endosed	Denied	Denied	Denied	Denied	Denied	Denied	Denied	Denied	Denied	Endorsed	Denied	Denied	Denied	55	High	Severe	3	High	High	3.583333333	High	Medium	3.666666667	High	Medium	3.25	Low	Low	3.208333333	Low	Low	30	81	High	Medium	25	81	High	Medium	11	69	Low	Medium	31	75	Low	Medium
21-T2	2	21	21-Jul	yes	TGATATCGTCTT	43	Male	Caucasian, not Hispanic	Soltara Healing Center	Gulf of Nicoya	Costa Rica	yes	yes	5	Higher	14	High	14	High	Endosed	Denied	Denied	Denied	Endosed	Denied	Endosed	Endosed	Denied	Endosed	Endosed	Denied	Denied	Denied	Denied	Denied	Denied	Denied	Denied	Denied	Endorsed	Denied	Denied	Denied	26	Low	Moderate	2.708333333	High	Medium	3.833333333	High	Medium	3.583333333	High	Medium	3.791666667	Low	Medium	3.75	Low	Medium	30	81	High	Medium	24	75	High	Medium	10	56	Low	Medium	29	69	Low	Medium
23-T1	1	23	21-Jul	yes	ATACATGCAAGA	42	Male	Caucasian, not Hispanic	Soltara Healing Center	Gulf of Nicoya	Costa Rica	yes	no	4	Lower	14	High	14	High	Endosed	Endosed	Denied	Denied	Endosed	Endosed	Denied	Denied	Denied	Endosed	Denied	Denied	Denied	Denied	Denied	Denied	Endorsed	Denied	Denied	Denied	Denied	Denied	Denied	Denied	20	Low	Mild	2.541666667	High	Medium	3.541666667	High	Medium	3.541666667	High	Medium	3.708333333	Low	Medium	3.416666667	Low	Low	34	94	High	High	26	81	High	Medium	14	94	High	High	39	100	High	High
23-T2	2	23	21-Jul	yes	GTTGATACGATG	42	Male	Caucasian, not Hispanic	Soltara Healing Center	Gulf of Nicoya	Costa Rica	yes	yes	4	Lower	14	High	14	High	Endosed	Endosed	Denied	Denied	Endosed	Endosed	Denied	Denied	Denied	Endosed	Denied	Denied	Denied	Denied	Denied	Denied	Endorsed	Denied	Denied	Denied	Denied	Denied	Denied	Denied	22	Low	Moderate	1.75	Low	Low	3.916666667	High	High	3.708333333	High	Medium	4.208333333	High	Medium	4.458333333	High	High	35	100	High	High	27	88	High	High	13	81	High	Medium	39	100	High	High
24-T1	1	24	21-Jul	yes	GAAGAGGGTTGA	45	Male	Caucasian, not Hispanic	Soltara Healing Center	Gulf of Nicoya	Costa Rica	yes	no	3	Lower	14	High	14	High	Endosed	Endosed	Denied	Endosed	Endosed	Endosed	Endosed	Endosed	Denied	Endosed	Endosed	Denied	Denied	Endorsed	Denied	Denied	Denied	Denied	Denied	Denied	Endorsed	Denied	Denied	Denied	25	Low	Moderate	2.416666667	High	Medium	3.458333333	High	Medium	3.833333333	High	High	3.416666667	Low	Low	3.375	Low	Low	33	94	High	High	25	81	High	Medium	10	56	Low	Medium	38	94	High	High
24-T2	2	24	21-Jul	yes	GGTTCATGAACA	45	Male	Caucasian, not Hispanic	Soltara Healing Center	Gulf of Nicoya	Costa Rica	yes	yes	3	Lower	14	High	14	High	Endosed	Endosed	Denied	Endosed	Endosed	Endosed	Endosed	Endosed	Denied	Endosed	Endosed	Denied	Denied	Endorsed	Denied	Denied	Denied	Denied	Denied	Denied	Endorsed	Denied	Denied	Denied	20	Low	Mild	1.708333333	Low	Low	3.833333333	High	Medium	3.916666667	High	High	3.666666667	Low	Medium	4.291666667	High	Medium	33	94	High	High	24	75	High	Medium	9	50	Low	Low	38	94	High	High
25-T1	1	25	21-Jul	yes	TGAGTATGAGTA	39	Female	Asian	Soltara Healing Center	Gulf of Nicoya	Costa Rica	yes	no	5	Higher	8	High	13	High	Endosed	Endosed	Denied	Endosed	Endosed	Denied	Denied	Endosed	Endosed	Endosed	Endosed	Endorsed	Endorsed	Denied	Denied	Denied	Endorsed	Denied	Denied	Denied	Endorsed	Endorsed	Denied	Denied	49	High	Severe	3.5	High	High	2.791666667	Low	Low	3.333333333	High	Medium	2.666666667	Low	Low	3.083333333	Low	Low	22	56	Low	Medium	16	44	Low	Low	8	44	Low	Low	34	81	High	Medium
25-T2	2	25	21-Jul	yes	AATTTAGGTAGG	39	Female	Asian	Soltara Healing Center	Gulf of Nicoya	Costa Rica	yes	yes	5	Higher	8	High	13	High	Endosed	Endosed	Denied	Endosed	Endosed	Denied	Denied	Endosed	Endosed	Endosed	Endosed	Endorsed	Endorsed	Denied	Denied	Denied	Endorsed	Denied	Denied	Denied	Endorsed	Endorsed	Denied	Denied	50	High	Severe	3	High	High	3.166666667	Low	Medium	3.75	High	Medium	3.416666667	Low	Low	3.291666667	Low	Low	18	38	Low	Low	18	50	Low	Low	11	69	Low	Medium	30	69	Low	Medium
26-T1	1	26	21-Jul	yes	CGGTGACCTACT	45	Female	Caucasian, not Hispanic	Soltara Healing Center	Gulf of Nicoya	Costa Rica	yes	no	5	Higher	9	High	13	High	Endosed	Endosed	Endosed	Endosed	Endosed	Denied	Denied	Endosed	Denied	Endosed	Endosed	Denied	Denied	Denied	Denied	Denied	Denied	Denied	Endorsed	Denied	Endorsed	Denied	Denied	Denied	64	High	Very Severe	2.75	High	Medium	3.666666667	High	Medium	3.166666667	Low	Medium	2.958333333	Low	Low	3.291666667	Low	Low	31	88	High	Medium	21	63	Low	Medium	11	69	Low	Medium	33	81	High	Medium
26-T2	2	26	21-Jul	yes	CTTAGTGCAGAA	45	Female	Caucasian, not Hispanic	Soltara Healing Center	Gulf of Nicoya	Costa Rica	yes	yes	5	Higher	9	High	13	High	Endosed	Endosed	Endosed	Endosed	Endosed	Denied	Denied	Endosed	Denied	Endosed	Endosed	Denied	Denied	Denied	Denied	Denied	Denied	Denied	Endorsed	Denied	Endorsed	Denied	Denied	Denied	34	High	Moderate	2.291666667	Low	Medium	4.083333333	High	High	3.166666667	Low	Medium	3.125	Low	Low	3.875	Low	Medium	32	88	High	Medium	20	56	Low	Low	10	56	Low	Medium	34	81	High	Medium
27-T2	2	27	21-Jul	yes	GTCAACGCTGTC	0	Male	Caucasian, not Hispanic	Soltara Healing Center	Gulf of Nicoya	Costa Rica	no	no	3	Lower	14	High	9	High	Denied	Endosed	Denied	Denied	Denied	Endosed	Denied	Endosed	Endosed	Denied	Denied	Endorsed	Denied	Denied	Denied	Denied	Denied	Endorsed	Endorsed	Denied	Denied	Denied	Endorsed	Denied	40	High	Moderate	3.25	High	High	3.5	High	Medium	3.208333333	Low	Medium	3.291666667	Low	Low	3.416666667	Low	Low	NA	NA	NA	NA	NA	NA	NA	NA	NA	NA	NA	NA	NA	NA	NA	NA
28-T1	1	28	21-Jul	yes	TGAGTGGTCTGT	29	Female	Caucasian, not Hispanic	Soltara Healing Center	Gulf of Nicoya	Costa Rica	yes	no	5	Higher	14	High	10	High	Endosed	Endosed	Denied	Denied	Endosed	Endosed	Denied	Denied	Denied	Endosed	Denied	Endorsed	Denied	Denied	Denied	Denied	Denied	Denied	Denied	Denied	Denied	Denied	Denied	Denied	21	Low	Moderate	2.791666667	High	Medium	3.833333333	High	Medium	3.333333333	High	Medium	3.291666667	Low	Low	3.333333333	Low	Low	30	81	High	Medium	24	75	High	Medium	12	75	High	Medium	31	75	Low	Medium
28-T2	2	28	21-Jul	yes	TAACAATAATTC	29	Female	Caucasian, not Hispanic	Soltara Healing Center	Gulf of Nicoya	Costa Rica	yes	yes	5	Higher	14	High	10	High	Endosed	Endosed	Denied	Denied	Endosed	Endosed	Denied	Denied	Denied	Endosed	Denied	Endorsed	Denied	Denied	Denied	Denied	Denied	Denied	Denied	Denied	Denied	Denied	Denied	Denied	27	Low	Moderate	2.5	High	Medium	3.75	High	Medium	3.208333333	Low	Medium	3.875	Low	Medium	3.625	Low	Medium	NA	NA	NA	NA	NA	NA	NA	NA	NA	NA	NA	NA	NA	NA	NA	NA
29-T1	1	29	21-Jul	yes	AATGGTTCAGCA	41	Male	Caucasian, not Hispanic	Soltara Healing Center	Gulf of Nicoya	Costa Rica	no	no	3	Lower	9	High	8	High	Denied	Endosed	Denied	Denied	Endosed	Denied	Denied	Denied	Denied	Denied	Denied	Endorsed	Denied	Denied	Denied	Denied	Denied	Endorsed	Denied	Denied	Endorsed	Denied	Denied	Denied	27	Low	Moderate	2.666666667	High	Medium	3.416666667	High	Medium	3.083333333	Low	Medium	3.458333333	Low	Low	3.166666667	Low	Low	29	81	High	Medium	23	69	Low	Medium	11	69	Low	Medium	28	63	Low	Medium
29-T2	2	29	21-Jul	yes	GACTCAACCAGT	41	Male	Caucasian, not Hispanic	Soltara Healing Center	Gulf of Nicoya	Costa Rica	no	no	3	Lower	9	High	8	High	Denied	Endosed	Denied	Denied	Endosed	Denied	Denied	Denied	Denied	Denied	Denied	Endorsed	Denied	Denied	Denied	Denied	Denied	Endorsed	Denied	Denied	Endorsed	Denied	Denied	Denied	32	High	Moderate	2.666666667	High	Medium	3.208333333	Low	Medium	2.958333333	Low	Medium	3.791666667	Low	Medium	3.666666667	Low	Medium	29	81	High	Medium	23	69	Low	Medium	11	69	Low	Medium	29	69	Low	Medium
30-T1	1	30	21-Jul	yes	GCCTATGAGATC	36	Male	Caucasian, not Hispanic	Soltara Healing Center	Gulf of Nicoya	Costa Rica	no	no	NA	NA	NA	NA	NA	NA	NA	NA	NA	NA	NA	NA	NA	NA	NA	NA	NA	NA	NA	NA	NA	NA	NA	NA	NA	NA	NA	NA	NA	NA	NA	NA	NA	NA	NA	NA	NA	NA	NA	NA	NA	NA	NA	NA	NA	NA	NA	NA	NA	NA	NA	NA	NA	NA	NA	NA	NA	NA	NA	NA	NA	NA	NA	NA
30-T2	2	30	21-Jul	yes	AATGCGCGTATA	36	Male	Caucasian, not Hispanic	Soltara Healing Center	Gulf of Nicoya	Costa Rica	no	no	NA	NA	NA	NA	NA	NA	NA	NA	NA	NA	NA	NA	NA	NA	NA	NA	NA	NA	NA	NA	NA	NA	NA	NA	NA	NA	NA	NA	NA	NA	NA	NA	NA	NA	NA	NA	NA	NA	NA	NA	NA	NA	NA	NA	NA	NA	NA	NA	NA	NA	NA	NA	NA	NA	NA	NA	NA	NA	NA	NA	NA	NA	NA	NA
31-T1	1	31	21-Jul	yes	AATCTTGCGCCG	0	Male	Caucasian, not Hispanic	Soltara Healing Center	Gulf of Nicoya	Costa Rica	no	no	NA	NA	NA	NA	NA	NA	NA	NA	NA	NA	NA	NA	NA	NA	NA	NA	NA	NA	NA	NA	NA	NA	NA	NA	NA	NA	NA	NA	NA	NA	NA	NA	NA	NA	NA	NA	NA	NA	NA	NA	NA	NA	NA	NA	NA	NA	NA	NA	NA	NA	NA	NA	NA	NA	NA	NA	NA	NA	NA	NA	NA	NA	NA	NA
32-T1	1	32	21-Jul	yes	TGAGACCCTACA	0	Female	Caucasian, not Hispanic	Soltara Healing Center	Gulf of Nicoya	Costa Rica	no	no	NA	NA	NA	NA	NA	NA	NA	NA	NA	NA	NA	NA	NA	NA	NA	NA	NA	NA	NA	NA	NA	NA	NA	NA	NA	NA	NA	NA	NA	NA	NA	NA	NA	NA	NA	NA	NA	NA	NA	NA	NA	NA	NA	NA	NA	NA	NA	NA	NA	NA	NA	NA	NA	NA	NA	NA	NA	NA	NA	NA	NA	NA	NA	NA
